{"serials":[{"serial":"5054494e912ce94f","x":-25.78801727294922,"y":1.5,"z":0.36568450927734377},{"serial":"aw2311813001257","x":0.0,"y":1.5,"z":0.0},{"serial":"aw2311813005151","x":29.76715850830078,"y":1.5,"z":0.921722412109375}]}