{"serials":[{"serial":"5054494e912ce94f","x":-5.2669525146484379,"y":1.5,"z":50.9354362487793},{"serial":"aw2311813001257","x":-30.0,"y":1.5,"z":6.0},{"serial":"aw2311813005151","x":0.0,"y":1.5,"z":9.0}]}