{"serials":[{"serial":"5054494e912ce94f","x":35.99954605102539,"y":1.5,"z":8.178327560424805},{"serial":"aw2311813001257","x":-33.4206657409668,"y":1.5,"z":9.867420196533204},{"serial":"aw2311813005151","x":-1.6246681213378907,"y":1.5,"z":10.448675155639649}]}