{"serials":[{"serial":"5054494e912ce94f","x":30.0,"y":1.5,"z":0.9354362487792969},{"serial":"aw2311813001257","x":-42.79141616821289,"y":1.5,"z":6.897647857666016},{"serial":"aw2311813005151","x":0.0,"y":1.5,"z":9.0}]}